"target_track_id","language","target_rank","top1_track_id","top1_cosine","top3_track_ids","text"
"121595","ko","10","145777","0.2645251154899597","145777,84057,111153","밝은 복고풍 전자음악. 경쾌한 비트. 댄스 파티."
"121595","en","1","121595","0.29049235582351685","121595,26906,709","Bright retro electronic music with an upbeat beat for a dance party."
"26906","ko","5","145777","0.27151474356651306","145777,84057,111153","빠른 8비트 칩튠. 장난스러운 게임 음악."
"26906","en","1","26906","0.32649481296539307","26906,38825,121595","Fast 8-bit chiptune with a playful video game atmosphere."
"128879","ko","13","145777","0.2809028625488281","145777,84057,111153","따뜻하고 즐거운 크리스마스 음악. 연말 행사."
"128879","en","7","111153","0.23769807815551758","111153,38825,10382","Warm and cheerful Christmas music for a year-end event."
"84057","ko","2","145777","0.2637064456939697","145777,84057,111153","기묘하고 혼란스러운 실험 음악. 예술 공연."
"84057","en","1","84057","0.3135685920715332","84057,10382,26906","Strange and chaotic experimental music for an art performance."
"40242","ko","15","145777","0.25999903678894043","145777,84057,111153","어둡고 몽환적인 포크. 신비로운 밤 공연."
"40242","en","8","145777","0.3713018596172333","145777,111153,128879","Dark and dreamy folk with a mysterious mood for a nighttime performance."
"10382","ko","10","84057","0.2593126595020294","84057,145777,111153","거칠고 소박한 복고풍 포크. 야외 공연."
"10382","en","4","84057","0.39832767844200134","84057,38825,145777","Raw and rustic vintage folk for an outdoor performance."
"128441","ko","6","84057","0.2572783827781677","84057,145777,111153","강한 비트의 자신감 넘치는 힙합. 댄스 배틀."
"128441","en","2","121595","0.36707377433776855","121595,128441,145747","Confident hip-hop with strong beats for a dance battle."
"145747","ko","4","84057","0.2698352038860321","84057,145777,111153","편안한 비트와 부드러운 힙합 그루브. 라운지 파티."
"145747","en","2","128441","0.30797478556632996","128441,145747,121595","Relaxed beats and a smooth hip-hop groove for a lounge party."
"111153","ko","2","145777","0.23812881112098694","145777,111153,84057","물처럼 흐르는 잔잔한 기악곡. 명상 음악."
"111153","en","1","111153","0.30920732021331787","111153,145777,10382","Calm instrumental music flowing like water, for meditation."
"145777","ko","1","145777","0.24874995648860931","145777,84057,111153","부드럽고 몽환적인 기악곡. 자연 속 휴식."
"145777","en","1","145777","0.37154918909072876","145777,111153,128879","Soft and dreamy instrumental music for relaxation in nature."
"38825","ko","14","145777","0.2585785686969757","145777,84057,111153","밝고 흥겨운 켈틱 민속 춤곡. 문화 축제."
"38825","en","1","38825","0.2911030054092407","38825,709,128879","Bright and lively Celtic folk dance music for a cultural festival."
"709","ko","4","145777","0.3024407923221588","145777,84057,111153","경쾌하고 춤추기 좋은 라틴 쿰비아. 퍼레이드."
"709","en","1","709","0.35105207562446594","709,38825,84057","Upbeat and danceable Latin cumbia for a parade."
"127182","ko","16","145777","0.2456178367137909","145777,84057,111153","밝고 따뜻한 희망적인 팝. 봄 축제."
"127182","en","1","127182","0.2748211622238159","127182,127181,128879","Bright, warm and hopeful pop music for a spring festival."
"127181","ko","12","145777","0.2745760381221771","145777,84057,111153","경쾌하고 감성적인 몽환적 인디 팝. 야외 공연."
"127181","en","2","145777","0.3491203188896179","145777,127181,84057","Upbeat, emotional and dreamy indie pop for an outdoor performance."
"145067","ko","8","145777","0.2760560214519501","145777,84057,111153","어둡고 공격적인 음악. 강한 왜곡. 메탈 공연."
"145067","en","1","145067","0.31268706917762756","145067,121595,59562","Dark and aggressive music with intense distortion for a metal show."
"59562","ko","10","145777","0.24302981793880463","145777,84057,111153","빠르고 거친 반항적 펑크. 복고풍 록 공연."
"59562","en","1","59562","0.3675946891307831","59562,145067,127181","Fast, raw and rebellious punk for a vintage-style rock show."
