track_id,genre,prompt_genre,language,text,same_genre,cosine_similarity,msclap_similarity
121595,Electronic,description_121595,ko,밝은 복고풍 전자음악. 경쾌한 비트. 댄스 파티.,False,0.11836645007133484,3.95100998878479
121595,Electronic,description_121595,en,Bright retro electronic music with an upbeat beat for a dance party.,False,0.29049235582351685,9.69648265838623
121595,Electronic,description_26906,ko,빠른 8비트 칩튠. 장난스러운 게임 음악.,False,0.09041906148195267,3.018141031265259
121595,Electronic,description_26906,en,Fast 8-bit chiptune with a playful video game atmosphere.,False,0.1387389451265335,4.631032943725586
121595,Electronic,description_128879,ko,따뜻하고 즐거운 크리스마스 음악. 연말 행사.,False,0.13438387215137482,4.485662460327148
121595,Electronic,description_128879,en,Warm and cheerful Christmas music for a year-end event.,False,0.13067452609539032,4.361846446990967
121595,Electronic,description_84057,ko,기묘하고 혼란스러운 실험 음악. 예술 공연.,False,0.11826485395431519,3.9476189613342285
121595,Electronic,description_84057,en,Strange and chaotic experimental music for an art performance.,False,0.22237420082092285,7.42273473739624
121595,Electronic,description_40242,ko,어둡고 몽환적인 포크. 신비로운 밤 공연.,False,0.1028015986084938,3.4314637184143066
121595,Electronic,description_40242,en,Dark and dreamy folk with a mysterious mood for a nighttime performance.,False,0.1415371596813202,4.7244367599487305
121595,Electronic,description_10382,ko,거칠고 소박한 복고풍 포크. 야외 공연.,False,0.1409555971622467,4.705024242401123
121595,Electronic,description_10382,en,Raw and rustic vintage folk for an outdoor performance.,False,0.11718711256980896,3.911644697189331
121595,Electronic,description_128441,ko,강한 비트의 자신감 넘치는 힙합. 댄스 배틀.,False,0.14262044429779053,4.76059627532959
121595,Electronic,description_128441,en,Confident hip-hop with strong beats for a dance battle.,False,0.36707377433776855,12.252732276916504
121595,Electronic,description_145747,ko,편안한 비트와 부드러운 힙합 그루브. 라운지 파티.,False,0.128960981965065,4.304649829864502
121595,Electronic,description_145747,en,Relaxed beats and a smooth hip-hop groove for a lounge party.,False,0.2402220517396927,8.018486976623535
121595,Electronic,description_111153,ko,물처럼 흐르는 잔잔한 기악곡. 명상 음악.,False,0.02809458039700985,0.9377822875976562
121595,Electronic,description_111153,en,"Calm instrumental music flowing like water, for meditation.",False,0.1892993003129959,6.318711280822754
121595,Electronic,description_145777,ko,부드럽고 몽환적인 기악곡. 자연 속 휴식.,False,0.10585568845272064,3.53340744972229
121595,Electronic,description_145777,en,Soft and dreamy instrumental music for relaxation in nature.,False,0.2151893824338913,7.18290901184082
121595,Electronic,description_38825,ko,밝고 흥겨운 켈틱 민속 춤곡. 문화 축제.,False,0.10391422361135483,3.468602418899536
121595,Electronic,description_38825,en,Bright and lively Celtic folk dance music for a cultural festival.,False,0.02333120070397854,0.7787835001945496
121595,Electronic,description_709,ko,경쾌하고 춤추기 좋은 라틴 쿰비아. 퍼레이드.,False,0.1329616904258728,4.438191890716553
121595,Electronic,description_709,en,Upbeat and danceable Latin cumbia for a parade.,False,0.10697569698095322,3.5707926750183105
121595,Electronic,description_127182,ko,밝고 따뜻한 희망적인 팝. 봄 축제.,False,0.10727391391992569,3.580747604370117
121595,Electronic,description_127182,en,"Bright, warm and hopeful pop music for a spring festival.",False,0.20592494308948517,6.873667240142822
121595,Electronic,description_127181,ko,경쾌하고 감성적인 몽환적 인디 팝. 야외 공연.,False,0.13951753079891205,4.657022476196289
121595,Electronic,description_127181,en,"Upbeat, emotional and dreamy indie pop for an outdoor performance.",False,0.27479955554008484,9.17266845703125
121595,Electronic,description_145067,ko,어둡고 공격적인 음악. 강한 왜곡. 메탈 공연.,False,0.1211998239159584,4.045586109161377
121595,Electronic,description_145067,en,Dark and aggressive music with intense distortion for a metal show.,False,0.23439662158489227,7.824036598205566
121595,Electronic,description_59562,ko,빠르고 거친 반항적 펑크. 복고풍 록 공연.,False,0.11849232763051987,3.955212354660034
121595,Electronic,description_59562,en,"Fast, raw and rebellious punk for a vintage-style rock show.",False,0.16241763532161713,5.42141580581665
26906,Electronic,description_121595,ko,밝은 복고풍 전자음악. 경쾌한 비트. 댄스 파티.,False,0.15143297612667084,5.054754257202148
26906,Electronic,description_121595,en,Bright retro electronic music with an upbeat beat for a dance party.,False,0.2445540428161621,8.163086891174316
26906,Electronic,description_26906,ko,빠른 8비트 칩튠. 장난스러운 게임 음악.,False,0.13865341246128082,4.628178596496582
26906,Electronic,description_26906,en,Fast 8-bit chiptune with a playful video game atmosphere.,False,0.32649481296539307,10.89822769165039
26906,Electronic,description_128879,ko,따뜻하고 즐거운 크리스마스 음악. 연말 행사.,False,0.17440564930438995,5.821568965911865
26906,Electronic,description_128879,en,Warm and cheerful Christmas music for a year-end event.,False,0.13177815079689026,4.398685455322266
26906,Electronic,description_84057,ko,기묘하고 혼란스러운 실험 음악. 예술 공연.,False,0.15348424017429352,5.123223304748535
26906,Electronic,description_84057,en,Strange and chaotic experimental music for an art performance.,False,0.2515275478363037,8.395857810974121
26906,Electronic,description_40242,ko,어둡고 몽환적인 포크. 신비로운 밤 공연.,False,0.15398888289928436,5.1400675773620605
26906,Electronic,description_40242,en,Dark and dreamy folk with a mysterious mood for a nighttime performance.,False,-0.024220213294029236,-0.8084580898284912
26906,Electronic,description_10382,ko,거칠고 소박한 복고풍 포크. 야외 공연.,False,0.17245180904865265,5.756351947784424
26906,Electronic,description_10382,en,Raw and rustic vintage folk for an outdoor performance.,False,0.10136298835277557,3.383443832397461
26906,Electronic,description_128441,ko,강한 비트의 자신감 넘치는 힙합. 댄스 배틀.,False,0.1756889969110489,5.864406585693359
26906,Electronic,description_128441,en,Confident hip-hop with strong beats for a dance battle.,False,0.19506751000881195,6.511251449584961
26906,Electronic,description_145747,ko,편안한 비트와 부드러운 힙합 그루브. 라운지 파티.,False,0.16519604623317719,5.514159202575684
26906,Electronic,description_145747,en,Relaxed beats and a smooth hip-hop groove for a lounge party.,False,0.032142624258995056,1.0729038715362549
26906,Electronic,description_111153,ko,물처럼 흐르는 잔잔한 기악곡. 명상 음악.,False,0.14672568440437317,4.897627353668213
26906,Electronic,description_111153,en,"Calm instrumental music flowing like water, for meditation.",False,-0.011339177377521992,-0.3784959018230438
26906,Electronic,description_145777,ko,부드럽고 몽환적인 기악곡. 자연 속 휴식.,False,0.1575307846069336,5.258296489715576
26906,Electronic,description_145777,en,Soft and dreamy instrumental music for relaxation in nature.,False,-0.010170572437345982,-0.3394884765148163
26906,Electronic,description_38825,ko,밝고 흥겨운 켈틱 민속 춤곡. 문화 축제.,False,0.14850865304470062,4.9571428298950195
26906,Electronic,description_38825,en,Bright and lively Celtic folk dance music for a cultural festival.,False,0.02278016321361065,0.7603899240493774
26906,Electronic,description_709,ko,경쾌하고 춤추기 좋은 라틴 쿰비아. 퍼레이드.,False,0.1642763614654541,5.483458995819092
26906,Electronic,description_709,en,Upbeat and danceable Latin cumbia for a parade.,False,0.14896149933338165,4.972257614135742
26906,Electronic,description_127182,ko,밝고 따뜻한 희망적인 팝. 봄 축제.,False,0.15508534014225006,5.1766676902771
26906,Electronic,description_127182,en,"Bright, warm and hopeful pop music for a spring festival.",False,-0.0012187446700409055,-0.04068097472190857
26906,Electronic,description_127181,ko,경쾌하고 감성적인 몽환적 인디 팝. 야외 공연.,False,0.1821444183588028,6.079885959625244
26906,Electronic,description_127181,en,"Upbeat, emotional and dreamy indie pop for an outdoor performance.",False,0.027724551036953926,0.925430953502655
26906,Electronic,description_145067,ko,어둡고 공격적인 음악. 강한 왜곡. 메탈 공연.,False,0.18012098968029022,6.012343883514404
26906,Electronic,description_145067,en,Dark and aggressive music with intense distortion for a metal show.,False,0.17355391383171082,5.793138027191162
26906,Electronic,description_59562,ko,빠르고 거친 반항적 펑크. 복고풍 록 공연.,False,0.15561799705028534,5.194447994232178
26906,Electronic,description_59562,en,"Fast, raw and rebellious punk for a vintage-style rock show.",False,0.19987641274929047,6.6717705726623535
128879,Experimental,description_121595,ko,밝은 복고풍 전자음악. 경쾌한 비트. 댄스 파티.,False,0.08441605418920517,2.817763566970825
128879,Experimental,description_121595,en,Bright retro electronic music with an upbeat beat for a dance party.,False,0.12540067732334137,4.185809135437012
128879,Experimental,description_26906,ko,빠른 8비트 칩튠. 장난스러운 게임 음악.,False,0.0799991711974144,2.670330047607422
128879,Experimental,description_26906,en,Fast 8-bit chiptune with a playful video game atmosphere.,False,0.08034810423851013,2.6819770336151123
128879,Experimental,description_128879,ko,따뜻하고 즐거운 크리스마스 음악. 연말 행사.,False,0.09889602661132812,3.301097869873047
128879,Experimental,description_128879,en,Warm and cheerful Christmas music for a year-end event.,False,0.16667364537715912,5.563478946685791
128879,Experimental,description_84057,ko,기묘하고 혼란스러운 실험 음악. 예술 공연.,False,0.07538260519504547,2.5162322521209717
128879,Experimental,description_84057,en,Strange and chaotic experimental music for an art performance.,False,0.15978404879570007,5.333507061004639
128879,Experimental,description_40242,ko,어둡고 몽환적인 포크. 신비로운 밤 공연.,False,0.06925540417432785,2.311708927154541
128879,Experimental,description_40242,en,Dark and dreamy folk with a mysterious mood for a nighttime performance.,False,0.2610059380531311,8.712242126464844
128879,Experimental,description_10382,ko,거칠고 소박한 복고풍 포크. 야외 공연.,False,0.08481874316930771,2.831205368041992
128879,Experimental,description_10382,en,Raw and rustic vintage folk for an outdoor performance.,False,0.28189682960510254,9.409568786621094
128879,Experimental,description_128441,ko,강한 비트의 자신감 넘치는 힙합. 댄스 배틀.,False,0.07071558386087418,2.36044979095459
128879,Experimental,description_128441,en,Confident hip-hop with strong beats for a dance battle.,False,0.04272826761007309,1.4262471199035645
128879,Experimental,description_145747,ko,편안한 비트와 부드러운 힙합 그루브. 라운지 파티.,False,0.06894442439079285,2.3013288974761963
128879,Experimental,description_145747,en,Relaxed beats and a smooth hip-hop groove for a lounge party.,False,0.08950047940015793,2.9874789714813232
128879,Experimental,description_111153,ko,물처럼 흐르는 잔잔한 기악곡. 명상 음악.,False,0.05519958212971687,1.8425334692001343
128879,Experimental,description_111153,en,"Calm instrumental music flowing like water, for meditation.",False,0.21895109117031097,7.308473110198975
128879,Experimental,description_145777,ko,부드럽고 몽환적인 기악곡. 자연 속 휴식.,False,0.09032588452100754,3.0150306224823
128879,Experimental,description_145777,en,Soft and dreamy instrumental music for relaxation in nature.,False,0.2758059501647949,9.206256866455078
128879,Experimental,description_38825,ko,밝고 흥겨운 켈틱 민속 춤곡. 문화 축제.,False,0.0817367359995842,2.728329658508301
128879,Experimental,description_38825,en,Bright and lively Celtic folk dance music for a cultural festival.,False,0.13996364176273346,4.671914100646973
128879,Experimental,description_709,ko,경쾌하고 춤추기 좋은 라틴 쿰비아. 퍼레이드.,False,0.0915425568819046,3.0556423664093018
128879,Experimental,description_709,en,Upbeat and danceable Latin cumbia for a parade.,False,0.07080167531967163,2.363323450088501
128879,Experimental,description_127182,ko,밝고 따뜻한 희망적인 팝. 봄 축제.,False,0.07523525506258011,2.5113139152526855
128879,Experimental,description_127182,en,"Bright, warm and hopeful pop music for a spring festival.",False,0.2366461455821991,7.899125099182129
128879,Experimental,description_127181,ko,경쾌하고 감성적인 몽환적 인디 팝. 야외 공연.,False,0.08916917443275452,2.9764204025268555
128879,Experimental,description_127181,en,"Upbeat, emotional and dreamy indie pop for an outdoor performance.",False,0.24457836151123047,8.163897514343262
128879,Experimental,description_145067,ko,어둡고 공격적인 음악. 강한 왜곡. 메탈 공연.,False,0.07987890392541885,2.666316509246826
128879,Experimental,description_145067,en,Dark and aggressive music with intense distortion for a metal show.,False,0.04228755459189415,1.411536693572998
128879,Experimental,description_59562,ko,빠르고 거친 반항적 펑크. 복고풍 록 공연.,False,0.07739219814538956,2.583311080932617
128879,Experimental,description_59562,en,"Fast, raw and rebellious punk for a vintage-style rock show.",False,0.1638430655002594,5.468996047973633
84057,Experimental,description_121595,ko,밝은 복고풍 전자음악. 경쾌한 비트. 댄스 파티.,False,0.23945969343185425,7.993039608001709
84057,Experimental,description_121595,en,Bright retro electronic music with an upbeat beat for a dance party.,False,-0.0064872982911765575,-0.21654248237609863
84057,Experimental,description_26906,ko,빠른 8비트 칩튠. 장난스러운 게임 음악.,False,0.2297121286392212,7.667671203613281
84057,Experimental,description_26906,en,Fast 8-bit chiptune with a playful video game atmosphere.,False,0.006653877906501293,0.22210288047790527
84057,Experimental,description_128879,ko,따뜻하고 즐거운 크리스마스 음악. 연말 행사.,False,0.27493107318878174,9.177055358886719
84057,Experimental,description_128879,en,Warm and cheerful Christmas music for a year-end event.,False,0.0011536660604178905,0.03850914537906647
84057,Experimental,description_84057,ko,기묘하고 혼란스러운 실험 음악. 예술 공연.,False,0.25390535593032837,8.475229263305664
84057,Experimental,description_84057,en,Strange and chaotic experimental music for an art performance.,False,0.3135685920715332,10.466756820678711
84057,Experimental,description_40242,ko,어둡고 몽환적인 포크. 신비로운 밤 공연.,False,0.2311493158340454,7.715643882751465
84057,Experimental,description_40242,en,Dark and dreamy folk with a mysterious mood for a nighttime performance.,False,0.25583308935165405,8.539576530456543
84057,Experimental,description_10382,ko,거칠고 소박한 복고풍 포크. 야외 공연.,False,0.2593126595020294,8.655721664428711
84057,Experimental,description_10382,en,Raw and rustic vintage folk for an outdoor performance.,False,0.39832767844200134,13.29596996307373
84057,Experimental,description_128441,ko,강한 비트의 자신감 넘치는 힙합. 댄스 배틀.,False,0.2572783827781677,8.58781909942627
84057,Experimental,description_128441,en,Confident hip-hop with strong beats for a dance battle.,False,0.13882632553577423,4.633950233459473
84057,Experimental,description_145747,ko,편안한 비트와 부드러운 힙합 그루브. 라운지 파티.,False,0.2698352038860321,9.006956100463867
84057,Experimental,description_145747,en,Relaxed beats and a smooth hip-hop groove for a lounge party.,False,0.16467922925949097,5.496906280517578
84057,Experimental,description_111153,ko,물처럼 흐르는 잔잔한 기악곡. 명상 음악.,False,0.15714702010154724,5.245485305786133
84057,Experimental,description_111153,en,"Calm instrumental music flowing like water, for meditation.",False,0.09267246723175049,3.0933585166931152
84057,Experimental,description_145777,ko,부드럽고 몽환적인 기악곡. 자연 속 휴식.,False,0.23498506844043732,7.8436784744262695
84057,Experimental,description_145777,en,Soft and dreamy instrumental music for relaxation in nature.,False,0.11628029495477676,3.8813750743865967
84057,Experimental,description_38825,ko,밝고 흥겨운 켈틱 민속 춤곡. 문화 축제.,False,0.227775439620018,7.603025436401367
84057,Experimental,description_38825,en,Bright and lively Celtic folk dance music for a cultural festival.,False,-0.016510410234332085,-0.5511089563369751
84057,Experimental,description_709,ko,경쾌하고 춤추기 좋은 라틴 쿰비아. 퍼레이드.,False,0.24753913283348083,8.262726783752441
84057,Experimental,description_709,en,Upbeat and danceable Latin cumbia for a parade.,False,0.19413845241069794,6.480240345001221
84057,Experimental,description_127182,ko,밝고 따뜻한 희망적인 팝. 봄 축제.,False,0.22995208203792572,7.675681114196777
84057,Experimental,description_127182,en,"Bright, warm and hopeful pop music for a spring festival.",False,0.023858822882175446,0.7963946461677551
84057,Experimental,description_127181,ko,경쾌하고 감성적인 몽환적 인디 팝. 야외 공연.,False,0.2623579800128937,8.757372856140137
84057,Experimental,description_127181,en,"Upbeat, emotional and dreamy indie pop for an outdoor performance.",False,0.3164491653442383,10.562907218933105
84057,Experimental,description_145067,ko,어둡고 공격적인 음악. 강한 왜곡. 메탈 공연.,False,0.24067631363868713,8.033650398254395
84057,Experimental,description_145067,en,Dark and aggressive music with intense distortion for a metal show.,False,0.16172513365745544,5.398301124572754
84057,Experimental,description_59562,ko,빠르고 거친 반항적 펑크. 복고풍 록 공연.,False,0.2395235002040863,7.9951701164245605
84057,Experimental,description_59562,en,"Fast, raw and rebellious punk for a vintage-style rock show.",False,0.25262439250946045,8.432470321655273
40242,Folk,description_121595,ko,밝은 복고풍 전자음악. 경쾌한 비트. 댄스 파티.,False,0.06592787057161331,2.2006378173828125
40242,Folk,description_121595,en,Bright retro electronic music with an upbeat beat for a dance party.,False,0.010629035532474518,0.3547916114330292
40242,Folk,description_26906,ko,빠른 8비트 칩튠. 장난스러운 게임 음악.,False,0.05662718415260315,1.8901859521865845
40242,Folk,description_26906,en,Fast 8-bit chiptune with a playful video game atmosphere.,False,-0.013742329552769661,-0.45871201157569885
40242,Folk,description_128879,ko,따뜻하고 즐거운 크리스마스 음악. 연말 행사.,False,0.09330271184444427,3.1143958568573
40242,Folk,description_128879,en,Warm and cheerful Christmas music for a year-end event.,False,0.11881866306066513,3.9661049842834473
40242,Folk,description_84057,ko,기묘하고 혼란스러운 실험 음악. 예술 공연.,False,0.05430442467331886,1.8126534223556519
40242,Folk,description_84057,en,Strange and chaotic experimental music for an art performance.,False,0.2139570564031601,7.141775608062744
40242,Folk,description_40242,ko,어둡고 몽환적인 포크. 신비로운 밤 공연.,False,0.039979904890060425,1.3345084190368652
40242,Folk,description_40242,en,Dark and dreamy folk with a mysterious mood for a nighttime performance.,False,0.23149187862873077,7.727077484130859
40242,Folk,description_10382,ko,거칠고 소박한 복고풍 포크. 야외 공연.,False,0.06425853818655014,2.1449167728424072
40242,Folk,description_10382,en,Raw and rustic vintage folk for an outdoor performance.,False,0.2623977065086365,8.758698463439941
40242,Folk,description_128441,ko,강한 비트의 자신감 넘치는 힙합. 댄스 배틀.,False,0.05979423224925995,1.9959003925323486
40242,Folk,description_128441,en,Confident hip-hop with strong beats for a dance battle.,False,0.04998047277331352,1.6683220863342285
40242,Folk,description_145747,ko,편안한 비트와 부드러운 힙합 그루브. 라운지 파티.,False,0.0745309367775917,2.4878036975860596
40242,Folk,description_145747,en,Relaxed beats and a smooth hip-hop groove for a lounge party.,False,0.06251978874206543,2.0868778228759766
40242,Folk,description_111153,ko,물처럼 흐르는 잔잔한 기악곡. 명상 음악.,False,0.028265126049518585,0.9434750080108643
40242,Folk,description_111153,en,"Calm instrumental music flowing like water, for meditation.",False,0.09869543462991714,3.2944018840789795
40242,Folk,description_145777,ko,부드럽고 몽환적인 기악곡. 자연 속 휴식.,False,0.0518333837389946,1.7301713228225708
40242,Folk,description_145777,en,Soft and dreamy instrumental music for relaxation in nature.,False,0.16539530456066132,5.520809173583984
40242,Folk,description_38825,ko,밝고 흥겨운 켈틱 민속 춤곡. 문화 축제.,False,0.05602354556322098,1.8700370788574219
40242,Folk,description_38825,en,Bright and lively Celtic folk dance music for a cultural festival.,False,-0.007970631122589111,-0.26605546474456787
40242,Folk,description_709,ko,경쾌하고 춤추기 좋은 라틴 쿰비아. 퍼레이드.,False,0.0753338560461998,2.514604330062866
40242,Folk,description_709,en,Upbeat and danceable Latin cumbia for a parade.,False,0.02366657927632332,0.7899782061576843
40242,Folk,description_127182,ko,밝고 따뜻한 희망적인 팝. 봄 축제.,False,0.05115026608109474,1.7073695659637451
40242,Folk,description_127182,en,"Bright, warm and hopeful pop music for a spring festival.",False,0.17304128408432007,5.776028156280518
40242,Folk,description_127181,ko,경쾌하고 감성적인 몽환적 인디 팝. 야외 공연.,False,0.06897386908531189,2.302311658859253
40242,Folk,description_127181,en,"Upbeat, emotional and dreamy indie pop for an outdoor performance.",False,0.2815122604370117,9.396730422973633
40242,Folk,description_145067,ko,어둡고 공격적인 음악. 강한 왜곡. 메탈 공연.,False,0.0608636811375618,2.031597852706909
40242,Folk,description_145067,en,Dark and aggressive music with intense distortion for a metal show.,False,0.18637168407440186,6.220990180969238
40242,Folk,description_59562,ko,빠르고 거친 반항적 펑크. 복고풍 록 공연.,False,0.049777332693338394,1.66154146194458
40242,Folk,description_59562,en,"Fast, raw and rebellious punk for a vintage-style rock show.",False,0.277116984128952,9.250020980834961
10382,Folk,description_121595,ko,밝은 복고풍 전자음악. 경쾌한 비트. 댄스 파티.,False,0.11883684992790222,3.966712474822998
10382,Folk,description_121595,en,Bright retro electronic music with an upbeat beat for a dance party.,False,0.07456710189580917,2.4890103340148926
10382,Folk,description_26906,ko,빠른 8비트 칩튠. 장난스러운 게임 음악.,False,0.1040421724319458,3.4728736877441406
10382,Folk,description_26906,en,Fast 8-bit chiptune with a playful video game atmosphere.,False,0.07448362559080124,2.48622465133667
10382,Folk,description_128879,ko,따뜻하고 즐거운 크리스마스 음악. 연말 행사.,False,0.14553549885749817,4.857898712158203
10382,Folk,description_128879,en,Warm and cheerful Christmas music for a year-end event.,False,0.21930481493473053,7.3202805519104
10382,Folk,description_84057,ko,기묘하고 혼란스러운 실험 음악. 예술 공연.,False,0.11470786482095718,3.8288891315460205
10382,Folk,description_84057,en,Strange and chaotic experimental music for an art performance.,False,0.2940988540649414,9.816866874694824
10382,Folk,description_40242,ko,어둡고 몽환적인 포크. 신비로운 밤 공연.,False,0.10460872948169708,3.4917843341827393
10382,Folk,description_40242,en,Dark and dreamy folk with a mysterious mood for a nighttime performance.,False,0.25503408908843994,8.512904167175293
10382,Folk,description_10382,ko,거칠고 소박한 복고풍 포크. 야외 공연.,False,0.12943172454833984,4.320363998413086
10382,Folk,description_10382,en,Raw and rustic vintage folk for an outdoor performance.,False,0.2835371792316437,9.464323997497559
10382,Folk,description_128441,ko,강한 비트의 자신감 넘치는 힙합. 댄스 배틀.,False,0.13225258886814117,4.414522647857666
10382,Folk,description_128441,en,Confident hip-hop with strong beats for a dance battle.,False,0.05958064645528793,1.988770842552185
10382,Folk,description_145747,ko,편안한 비트와 부드러운 힙합 그루브. 라운지 파티.,False,0.1303495317697525,4.35099983215332
10382,Folk,description_145747,en,Relaxed beats and a smooth hip-hop groove for a lounge party.,False,0.11054599285125732,3.689967632293701
10382,Folk,description_111153,ko,물처럼 흐르는 잔잔한 기악곡. 명상 음악.,False,0.11306165903806686,3.7739388942718506
10382,Folk,description_111153,en,"Calm instrumental music flowing like water, for meditation.",False,0.24742622673511505,8.258956909179688
10382,Folk,description_145777,ko,부드럽고 몽환적인 기악곡. 자연 속 휴식.,False,0.10938309878110886,3.651151180267334
10382,Folk,description_145777,en,Soft and dreamy instrumental music for relaxation in nature.,False,0.2518223822116852,8.405698776245117
10382,Folk,description_38825,ko,밝고 흥겨운 켈틱 민속 춤곡. 문화 축제.,False,0.11081346124410629,3.6988956928253174
10382,Folk,description_38825,en,Bright and lively Celtic folk dance music for a cultural festival.,False,0.05028095096349716,1.6783517599105835
10382,Folk,description_709,ko,경쾌하고 춤추기 좋은 라틴 쿰비아. 퍼레이드.,False,0.13532677292823792,4.517138481140137
10382,Folk,description_709,en,Upbeat and danceable Latin cumbia for a parade.,False,0.07377699762582779,2.4626381397247314
10382,Folk,description_127182,ko,밝고 따뜻한 희망적인 팝. 봄 축제.,False,0.11503536254167557,3.83981990814209
10382,Folk,description_127182,en,"Bright, warm and hopeful pop music for a spring festival.",False,0.16820615530014038,5.6146321296691895
10382,Folk,description_127181,ko,경쾌하고 감성적인 몽환적 인디 팝. 야외 공연.,False,0.13809199631214142,4.609438896179199
10382,Folk,description_127181,en,"Upbeat, emotional and dreamy indie pop for an outdoor performance.",False,0.22132952511310577,7.387864589691162
10382,Folk,description_145067,ko,어둡고 공격적인 음악. 강한 왜곡. 메탈 공연.,False,0.12945184111595154,4.3210344314575195
10382,Folk,description_145067,en,Dark and aggressive music with intense distortion for a metal show.,False,0.10465682297945023,3.49338960647583
10382,Folk,description_59562,ko,빠르고 거친 반항적 펑크. 복고풍 록 공연.,False,0.09811709076166153,3.275097131729126
10382,Folk,description_59562,en,"Fast, raw and rebellious punk for a vintage-style rock show.",False,0.12903568148612976,4.307143211364746
128441,Hip-Hop,description_121595,ko,밝은 복고풍 전자음악. 경쾌한 비트. 댄스 파티.,False,0.16076689958572388,5.3663153648376465
128441,Hip-Hop,description_121595,en,Bright retro electronic music with an upbeat beat for a dance party.,False,0.053121909499168396,1.7731817960739136
128441,Hip-Hop,description_26906,ko,빠른 8비트 칩튠. 장난스러운 게임 음악.,False,0.13564017415046692,4.527597904205322
128441,Hip-Hop,description_26906,en,Fast 8-bit chiptune with a playful video game atmosphere.,False,-0.027242382988333702,-0.9093366861343384
128441,Hip-Hop,description_128879,ko,따뜻하고 즐거운 크리스마스 음악. 연말 행사.,False,0.17578430473804474,5.867588520050049
128441,Hip-Hop,description_128879,en,Warm and cheerful Christmas music for a year-end event.,False,0.02750464528799057,0.9180911779403687
128441,Hip-Hop,description_84057,ko,기묘하고 혼란스러운 실험 음악. 예술 공연.,False,0.1586717963218689,5.29638147354126
128441,Hip-Hop,description_84057,en,Strange and chaotic experimental music for an art performance.,False,0.08145300298929214,2.718857765197754
128441,Hip-Hop,description_40242,ko,어둡고 몽환적인 포크. 신비로운 밤 공연.,False,0.14733485877513885,4.917960166931152
128441,Hip-Hop,description_40242,en,Dark and dreamy folk with a mysterious mood for a nighttime performance.,False,0.06322931498289108,2.1105618476867676
128441,Hip-Hop,description_10382,ko,거칠고 소박한 복고풍 포크. 야외 공연.,False,0.16498816013336182,5.507218837738037
128441,Hip-Hop,description_10382,en,Raw and rustic vintage folk for an outdoor performance.,False,0.08974639326334,2.99568772315979
128441,Hip-Hop,description_128441,ko,강한 비트의 자신감 넘치는 힙합. 댄스 배틀.,False,0.180643692612648,6.029792785644531
128441,Hip-Hop,description_128441,en,Confident hip-hop with strong beats for a dance battle.,False,0.28677839040756226,9.572513580322266
128441,Hip-Hop,description_145747,ko,편안한 비트와 부드러운 힙합 그루브. 라운지 파티.,False,0.16865986585617065,5.6297783851623535
128441,Hip-Hop,description_145747,en,Relaxed beats and a smooth hip-hop groove for a lounge party.,False,0.30797478556632996,10.280037879943848
128441,Hip-Hop,description_111153,ko,물처럼 흐르는 잔잔한 기악곡. 명상 음악.,False,0.06958401203155518,2.3226780891418457
128441,Hip-Hop,description_111153,en,"Calm instrumental music flowing like water, for meditation.",False,0.012382138520479202,0.4133094251155853
128441,Hip-Hop,description_145777,ko,부드럽고 몽환적인 기악곡. 자연 속 휴식.,False,0.14783576130867004,4.934680938720703
128441,Hip-Hop,description_145777,en,Soft and dreamy instrumental music for relaxation in nature.,False,0.06384564936161041,2.131134271621704
128441,Hip-Hop,description_38825,ko,밝고 흥겨운 켈틱 민속 춤곡. 문화 축제.,False,0.13823603093624115,4.614246368408203
128441,Hip-Hop,description_38825,en,Bright and lively Celtic folk dance music for a cultural festival.,False,-0.06698460131883621,-2.2359113693237305
128441,Hip-Hop,description_709,ko,경쾌하고 춤추기 좋은 라틴 쿰비아. 퍼레이드.,False,0.1773478090763092,5.919777870178223
128441,Hip-Hop,description_709,en,Upbeat and danceable Latin cumbia for a parade.,False,0.07844537496566772,2.6184659004211426
128441,Hip-Hop,description_127182,ko,밝고 따뜻한 희망적인 팝. 봄 축제.,False,0.14653383195400238,4.8912224769592285
128441,Hip-Hop,description_127182,en,"Bright, warm and hopeful pop music for a spring festival.",False,0.11894072592258453,3.9701790809631348
128441,Hip-Hop,description_127181,ko,경쾌하고 감성적인 몽환적 인디 팝. 야외 공연.,False,0.17436175048351288,5.820104598999023
128441,Hip-Hop,description_127181,en,"Upbeat, emotional and dreamy indie pop for an outdoor performance.",False,0.18973471224308014,6.333246231079102
128441,Hip-Hop,description_145067,ko,어둡고 공격적인 음악. 강한 왜곡. 메탈 공연.,False,0.1552053987979889,5.180675983428955
128441,Hip-Hop,description_145067,en,Dark and aggressive music with intense distortion for a metal show.,False,0.052353356033563614,1.747528076171875
128441,Hip-Hop,description_59562,ko,빠르고 거친 반항적 펑크. 복고풍 록 공연.,False,0.15467295050621033,5.162902355194092
128441,Hip-Hop,description_59562,en,"Fast, raw and rebellious punk for a vintage-style rock show.",False,0.1560220867395401,5.207935810089111
145747,Hip-Hop,description_121595,ko,밝은 복고풍 전자음악. 경쾌한 비트. 댄스 파티.,False,0.1675434708595276,5.5925140380859375
145747,Hip-Hop,description_121595,en,Bright retro electronic music with an upbeat beat for a dance party.,False,0.14017660915851593,4.679022312164307
145747,Hip-Hop,description_26906,ko,빠른 8비트 칩튠. 장난스러운 게임 음악.,False,0.1327895075082779,4.432444095611572
145747,Hip-Hop,description_26906,en,Fast 8-bit chiptune with a playful video game atmosphere.,False,0.008350885473191738,0.2787482738494873
145747,Hip-Hop,description_128879,ko,따뜻하고 즐거운 크리스마스 음악. 연말 행사.,False,0.17547929286956787,5.857407569885254
145747,Hip-Hop,description_128879,en,Warm and cheerful Christmas music for a year-end event.,False,0.027790063992142677,0.9276179671287537
145747,Hip-Hop,description_84057,ko,기묘하고 혼란스러운 실험 음악. 예술 공연.,False,0.14868846535682678,4.963143825531006
145747,Hip-Hop,description_84057,en,Strange and chaotic experimental music for an art performance.,False,0.13224375247955322,4.414226531982422
145747,Hip-Hop,description_40242,ko,어둡고 몽환적인 포크. 신비로운 밤 공연.,False,0.1450522541999817,4.841769695281982
145747,Hip-Hop,description_40242,en,Dark and dreamy folk with a mysterious mood for a nighttime performance.,False,0.054640669375658035,1.8238770961761475
145747,Hip-Hop,description_10382,ko,거칠고 소박한 복고풍 포크. 야외 공연.,False,0.15534888207912445,5.185464859008789
145747,Hip-Hop,description_10382,en,Raw and rustic vintage folk for an outdoor performance.,False,0.12882819771766663,4.300217628479004
145747,Hip-Hop,description_128441,ko,강한 비트의 자신감 넘치는 힙합. 댄스 배틀.,False,0.19114470481872559,6.380310535430908
145747,Hip-Hop,description_128441,en,Confident hip-hop with strong beats for a dance battle.,False,0.2862226068973541,9.553961753845215
145747,Hip-Hop,description_145747,ko,편안한 비트와 부드러운 힙합 그루브. 라운지 파티.,False,0.18686124682426453,6.237329959869385
145747,Hip-Hop,description_145747,en,Relaxed beats and a smooth hip-hop groove for a lounge party.,False,0.29322829842567444,9.78780746459961
145747,Hip-Hop,description_111153,ko,물처럼 흐르는 잔잔한 기악곡. 명상 음악.,False,0.06516829878091812,2.175283670425415
145747,Hip-Hop,description_111153,en,"Calm instrumental music flowing like water, for meditation.",False,0.006643333472311497,0.22175073623657227
145747,Hip-Hop,description_145777,ko,부드럽고 몽환적인 기악곡. 자연 속 휴식.,False,0.13762660324573517,4.5939040184021
145747,Hip-Hop,description_145777,en,Soft and dreamy instrumental music for relaxation in nature.,False,0.05844033136963844,1.9507076740264893
145747,Hip-Hop,description_38825,ko,밝고 흥겨운 켈틱 민속 춤곡. 문화 축제.,False,0.14575417339801788,4.86519718170166
145747,Hip-Hop,description_38825,en,Bright and lively Celtic folk dance music for a cultural festival.,False,-0.05666392669081688,-1.8914122581481934
145747,Hip-Hop,description_709,ko,경쾌하고 춤추기 좋은 라틴 쿰비아. 퍼레이드.,False,0.1622682362794876,5.416429042816162
145747,Hip-Hop,description_709,en,Upbeat and danceable Latin cumbia for a parade.,False,0.10601583123207092,3.5387539863586426
145747,Hip-Hop,description_127182,ko,밝고 따뜻한 희망적인 팝. 봄 축제.,False,0.14635497331619263,4.885251522064209
145747,Hip-Hop,description_127182,en,"Bright, warm and hopeful pop music for a spring festival.",False,0.14432933926582336,4.817638874053955
145747,Hip-Hop,description_127181,ko,경쾌하고 감성적인 몽환적 인디 팝. 야외 공연.,False,0.16614481806755066,5.545827388763428
145747,Hip-Hop,description_127181,en,"Upbeat, emotional and dreamy indie pop for an outdoor performance.",False,0.24113090336322784,8.048826217651367
145747,Hip-Hop,description_145067,ko,어둡고 공격적인 음악. 강한 왜곡. 메탈 공연.,False,0.15367183089256287,5.129483222961426
145747,Hip-Hop,description_145067,en,Dark and aggressive music with intense distortion for a metal show.,False,0.15647289156913757,5.2229838371276855
145747,Hip-Hop,description_59562,ko,빠르고 거친 반항적 펑크. 복고풍 록 공연.,False,0.1593296378850937,5.318341255187988
145747,Hip-Hop,description_59562,en,"Fast, raw and rebellious punk for a vintage-style rock show.",False,0.26212045550346375,8.749444007873535
111153,Instrumental,description_121595,ko,밝은 복고풍 전자음악. 경쾌한 비트. 댄스 파티.,False,0.19252082705497742,6.426244735717773
111153,Instrumental,description_121595,en,Bright retro electronic music with an upbeat beat for a dance party.,False,0.12906523048877716,4.308130741119385
111153,Instrumental,description_26906,ko,빠른 8비트 칩튠. 장난스러운 게임 음악.,False,0.19119270145893097,6.381912708282471
111153,Instrumental,description_26906,en,Fast 8-bit chiptune with a playful video game atmosphere.,False,0.11453461647033691,3.823105812072754
111153,Instrumental,description_128879,ko,따뜻하고 즐거운 크리스마스 음악. 연말 행사.,False,0.20152096450328827,6.726665019989014
111153,Instrumental,description_128879,en,Warm and cheerful Christmas music for a year-end event.,False,0.23769807815551758,7.934238433837891
111153,Instrumental,description_84057,ko,기묘하고 혼란스러운 실험 음악. 예술 공연.,False,0.1922011375427246,6.415572166442871
111153,Instrumental,description_84057,en,Strange and chaotic experimental music for an art performance.,False,0.20908232033252716,6.97905969619751
111153,Instrumental,description_40242,ko,어둡고 몽환적인 포크. 신비로운 밤 공연.,False,0.1815827190876007,6.061136722564697
111153,Instrumental,description_40242,en,Dark and dreamy folk with a mysterious mood for a nighttime performance.,False,0.26101651787757874,8.71259593963623
111153,Instrumental,description_10382,ko,거칠고 소박한 복고풍 포크. 야외 공연.,False,0.1896096020936966,6.329069137573242
111153,Instrumental,description_10382,en,Raw and rustic vintage folk for an outdoor performance.,False,0.18381257355213165,6.135566711425781
111153,Instrumental,description_128441,ko,강한 비트의 자신감 넘치는 힙합. 댄스 배틀.,False,0.1991535723209381,6.647642135620117
111153,Instrumental,description_128441,en,Confident hip-hop with strong beats for a dance battle.,False,0.07233317941427231,2.4144439697265625
111153,Instrumental,description_145747,ko,편안한 비트와 부드러운 힙합 그루브. 라운지 파티.,False,0.187193363904953,6.248417854309082
111153,Instrumental,description_145747,en,Relaxed beats and a smooth hip-hop groove for a lounge party.,False,0.17884516716003418,5.969758033752441
111153,Instrumental,description_111153,ko,물처럼 흐르는 잔잔한 기악곡. 명상 음악.,False,0.199365496635437,6.654716968536377
111153,Instrumental,description_111153,en,"Calm instrumental music flowing like water, for meditation.",False,0.30920732021331787,10.321178436279297
111153,Instrumental,description_145777,ko,부드럽고 몽환적인 기악곡. 자연 속 휴식.,False,0.19308027625083923,6.444918155670166
111153,Instrumental,description_145777,en,Soft and dreamy instrumental music for relaxation in nature.,False,0.3596317768096924,12.004321098327637
111153,Instrumental,description_38825,ko,밝고 흥겨운 켈틱 민속 춤곡. 문화 축제.,False,0.19630898535251617,6.552691459655762
111153,Instrumental,description_38825,en,Bright and lively Celtic folk dance music for a cultural festival.,False,0.04244948923587799,1.4169418811798096
111153,Instrumental,description_709,ko,경쾌하고 춤추기 좋은 라틴 쿰비아. 퍼레이드.,False,0.239284485578537,7.987192630767822
111153,Instrumental,description_709,en,Upbeat and danceable Latin cumbia for a parade.,False,0.13487641513347626,4.502103328704834
111153,Instrumental,description_127182,ko,밝고 따뜻한 희망적인 팝. 봄 축제.,False,0.19462263584136963,6.496401786804199
111153,Instrumental,description_127182,en,"Bright, warm and hopeful pop music for a spring festival.",False,0.18028946220874786,6.017969131469727
111153,Instrumental,description_127181,ko,경쾌하고 감성적인 몽환적 인디 팝. 야외 공연.,False,0.2251412719488144,7.515097618103027
111153,Instrumental,description_127181,en,"Upbeat, emotional and dreamy indie pop for an outdoor performance.",False,0.2178165465593338,7.270603179931641
111153,Instrumental,description_145067,ko,어둡고 공격적인 음악. 강한 왜곡. 메탈 공연.,False,0.21526575088500977,7.185459136962891
111153,Instrumental,description_145067,en,Dark and aggressive music with intense distortion for a metal show.,False,0.028236066922545433,0.9425050616264343
111153,Instrumental,description_59562,ko,빠르고 거친 반항적 펑크. 복고풍 록 공연.,False,0.1797623634338379,6.000372886657715
111153,Instrumental,description_59562,en,"Fast, raw and rebellious punk for a vintage-style rock show.",False,0.0341353565454483,1.1394208669662476
145777,Instrumental,description_121595,ko,밝은 복고풍 전자음악. 경쾌한 비트. 댄스 파티.,False,0.2645251154899597,8.82970905303955
145777,Instrumental,description_121595,en,Bright retro electronic music with an upbeat beat for a dance party.,False,0.010317901149392128,0.3444060683250427
145777,Instrumental,description_26906,ko,빠른 8비트 칩튠. 장난스러운 게임 음악.,False,0.27151474356651306,9.063021659851074
145777,Instrumental,description_26906,en,Fast 8-bit chiptune with a playful video game atmosphere.,False,0.041303034871816635,1.3786736726760864
145777,Instrumental,description_128879,ko,따뜻하고 즐거운 크리스마스 음악. 연말 행사.,False,0.2809028625488281,9.376389503479004
145777,Instrumental,description_128879,en,Warm and cheerful Christmas music for a year-end event.,False,0.172448992729187,5.7562575340271
145777,Instrumental,description_84057,ko,기묘하고 혼란스러운 실험 음악. 예술 공연.,False,0.2637064456939697,8.802383422851562
145777,Instrumental,description_84057,en,Strange and chaotic experimental music for an art performance.,False,0.23361116647720337,7.797817707061768
145777,Instrumental,description_40242,ko,어둡고 몽환적인 포크. 신비로운 밤 공연.,False,0.25999903678894043,8.678630828857422
145777,Instrumental,description_40242,en,Dark and dreamy folk with a mysterious mood for a nighttime performance.,False,0.3713018596172333,12.3938627243042
145777,Instrumental,description_10382,ko,거칠고 소박한 복고풍 포크. 야외 공연.,False,0.25411826372146606,8.48233413696289
145777,Instrumental,description_10382,en,Raw and rustic vintage folk for an outdoor performance.,False,0.3462935984134674,11.559099197387695
145777,Instrumental,description_128441,ko,강한 비트의 자신감 넘치는 힙합. 댄스 배틀.,False,0.2566671669483185,8.567418098449707
145777,Instrumental,description_128441,en,Confident hip-hop with strong beats for a dance battle.,False,0.04416903108358383,1.4743396043777466
145777,Instrumental,description_145747,ko,편안한 비트와 부드러운 힙합 그루브. 라운지 파티.,False,0.2577589750289917,8.603858947753906
145777,Instrumental,description_145747,en,Relaxed beats and a smooth hip-hop groove for a lounge party.,False,0.12541526556015015,4.1862969398498535
145777,Instrumental,description_111153,ko,물처럼 흐르는 잔잔한 기악곡. 명상 음악.,False,0.23812881112098694,7.948615074157715
145777,Instrumental,description_111153,en,"Calm instrumental music flowing like water, for meditation.",False,0.2858060896396637,9.540057182312012
145777,Instrumental,description_145777,ko,부드럽고 몽환적인 기악곡. 자연 속 휴식.,False,0.24874995648860931,8.303144454956055
145777,Instrumental,description_145777,en,Soft and dreamy instrumental music for relaxation in nature.,False,0.37154918909072876,12.402119636535645
145777,Instrumental,description_38825,ko,밝고 흥겨운 켈틱 민속 춤곡. 문화 축제.,False,0.2585785686969757,8.631218910217285
145777,Instrumental,description_38825,en,Bright and lively Celtic folk dance music for a cultural festival.,False,0.07052071392536163,2.353944778442383
145777,Instrumental,description_709,ko,경쾌하고 춤추기 좋은 라틴 쿰비아. 퍼레이드.,False,0.3024407923221588,10.095315933227539
145777,Instrumental,description_709,en,Upbeat and danceable Latin cumbia for a parade.,False,0.04794764146208763,1.6004672050476074
145777,Instrumental,description_127182,ko,밝고 따뜻한 희망적인 팝. 봄 축제.,False,0.2456178367137909,8.198596000671387
145777,Instrumental,description_127182,en,"Bright, warm and hopeful pop music for a spring festival.",False,0.19434821605682373,6.487242221832275
145777,Instrumental,description_127181,ko,경쾌하고 감성적인 몽환적 인디 팝. 야외 공연.,False,0.2745760381221771,9.165205955505371
145777,Instrumental,description_127181,en,"Upbeat, emotional and dreamy indie pop for an outdoor performance.",False,0.3491203188896179,11.653453826904297
145777,Instrumental,description_145067,ko,어둡고 공격적인 음악. 강한 왜곡. 메탈 공연.,False,0.2760560214519501,9.214605331420898
145777,Instrumental,description_145067,en,Dark and aggressive music with intense distortion for a metal show.,False,0.14113473892211914,4.711004734039307
145777,Instrumental,description_59562,ko,빠르고 거친 반항적 펑크. 복고풍 록 공연.,False,0.24302981793880463,8.112210273742676
145777,Instrumental,description_59562,en,"Fast, raw and rebellious punk for a vintage-style rock show.",False,0.16078217327594757,5.366825103759766
38825,International,description_121595,ko,밝은 복고풍 전자음악. 경쾌한 비트. 댄스 파티.,False,0.05778319761157036,1.928773045539856
38825,International,description_121595,en,Bright retro electronic music with an upbeat beat for a dance party.,False,0.15157002210617065,5.059328079223633
38825,International,description_26906,ko,빠른 8비트 칩튠. 장난스러운 게임 음악.,False,0.05222135782241821,1.7431221008300781
38825,International,description_26906,en,Fast 8-bit chiptune with a playful video game atmosphere.,False,0.14813606441020966,4.944704055786133
38825,International,description_128879,ko,따뜻하고 즐거운 크리스마스 음악. 연말 행사.,False,0.08490785211324692,2.8341801166534424
38825,International,description_128879,en,Warm and cheerful Christmas music for a year-end event.,False,0.22884522378444672,7.638734817504883
38825,International,description_84057,ko,기묘하고 혼란스러운 실험 음악. 예술 공연.,False,0.06379660964012146,2.129497528076172
38825,International,description_84057,en,Strange and chaotic experimental music for an art performance.,False,0.19267992675304413,6.431556224822998
38825,International,description_40242,ko,어둡고 몽환적인 포크. 신비로운 밤 공연.,False,0.040740929543972015,1.3599109649658203
38825,International,description_40242,en,Dark and dreamy folk with a mysterious mood for a nighttime performance.,False,0.2552526593208313,8.520201683044434
38825,International,description_10382,ko,거칠고 소박한 복고풍 포크. 야외 공연.,False,0.06666730344295502,2.225320339202881
38825,International,description_10382,en,Raw and rustic vintage folk for an outdoor performance.,False,0.3913925290107727,13.064478874206543
38825,International,description_128441,ko,강한 비트의 자신감 넘치는 힙합. 댄스 배틀.,False,0.051148392260074615,1.7073066234588623
38825,International,description_128441,en,Confident hip-hop with strong beats for a dance battle.,False,0.14425061643123627,4.815009593963623
38825,International,description_145747,ko,편안한 비트와 부드러운 힙합 그루브. 라운지 파티.,False,0.052040670067071915,1.7370904684066772
38825,International,description_145747,en,Relaxed beats and a smooth hip-hop groove for a lounge party.,False,0.06440158933401108,2.149691104888916
38825,International,description_111153,ko,물처럼 흐르는 잔잔한 기악곡. 명상 음악.,False,0.025810960680246353,0.8615562915802002
38825,International,description_111153,en,"Calm instrumental music flowing like water, for meditation.",False,0.19289281964302063,6.438662528991699
38825,International,description_145777,ko,부드럽고 몽환적인 기악곡. 자연 속 휴식.,False,0.07002443075180054,2.33737850189209
38825,International,description_145777,en,Soft and dreamy instrumental music for relaxation in nature.,False,0.1825392246246338,6.093064785003662
38825,International,description_38825,ko,밝고 흥겨운 켈틱 민속 춤곡. 문화 축제.,False,0.07240118831396103,2.4167141914367676
38825,International,description_38825,en,Bright and lively Celtic folk dance music for a cultural festival.,False,0.2911030054092407,9.716866493225098
38825,International,description_709,ko,경쾌하고 춤추기 좋은 라틴 쿰비아. 퍼레이드.,False,0.07623018324375153,2.544522762298584
38825,International,description_709,en,Upbeat and danceable Latin cumbia for a parade.,False,0.23407332599163055,7.81324577331543
38825,International,description_127182,ko,밝고 따뜻한 희망적인 팝. 봄 축제.,False,0.05154561251401901,1.720565676689148
38825,International,description_127182,en,"Bright, warm and hopeful pop music for a spring festival.",False,0.18030883371829987,6.018614292144775
38825,International,description_127181,ko,경쾌하고 감성적인 몽환적 인디 팝. 야외 공연.,False,0.07227254658937454,2.4124197959899902
38825,International,description_127181,en,"Upbeat, emotional and dreamy indie pop for an outdoor performance.",False,0.20579557120800018,6.869349479675293
38825,International,description_145067,ko,어둡고 공격적인 음악. 강한 왜곡. 메탈 공연.,False,0.06239417567849159,2.0826852321624756
38825,International,description_145067,en,Dark and aggressive music with intense distortion for a metal show.,False,0.02389266900718212,0.7975254058837891
38825,International,description_59562,ko,빠르고 거친 반항적 펑크. 복고풍 록 공연.,False,0.05165843665599823,1.7243313789367676
38825,International,description_59562,en,"Fast, raw and rebellious punk for a vintage-style rock show.",False,0.07954004406929016,2.65500545501709
709,International,description_121595,ko,밝은 복고풍 전자음악. 경쾌한 비트. 댄스 파티.,False,0.17912419140338898,5.979072570800781
709,International,description_121595,en,Bright retro electronic music with an upbeat beat for a dance party.,False,0.17893876135349274,5.97288179397583
709,International,description_26906,ko,빠른 8비트 칩튠. 장난스러운 게임 음악.,False,0.15386320650577545,5.135874271392822
709,International,description_26906,en,Fast 8-bit chiptune with a playful video game atmosphere.,False,0.04430624470114708,1.4789199829101562
709,International,description_128879,ko,따뜻하고 즐거운 크리스마스 음악. 연말 행사.,False,0.1848556399345398,6.170384883880615
709,International,description_128879,en,Warm and cheerful Christmas music for a year-end event.,False,0.1644609272480011,5.489620208740234
709,International,description_84057,ko,기묘하고 혼란스러운 실험 음악. 예술 공연.,False,0.1556735783815384,5.196303367614746
709,International,description_84057,en,Strange and chaotic experimental music for an art performance.,False,0.13065440952777863,4.361176013946533
709,International,description_40242,ko,어둡고 몽환적인 포크. 신비로운 밤 공연.,False,0.1530078500509262,5.107322692871094
709,International,description_40242,en,Dark and dreamy folk with a mysterious mood for a nighttime performance.,False,0.11955446749925613,3.990666151046753
709,International,description_10382,ko,거칠고 소박한 복고풍 포크. 야외 공연.,False,0.17107515037059784,5.710399150848389
709,International,description_10382,en,Raw and rustic vintage folk for an outdoor performance.,False,0.2229374647140503,7.4415364265441895
709,International,description_128441,ko,강한 비트의 자신감 넘치는 힙합. 댄스 배틀.,False,0.1860225945711136,6.209336757659912
709,International,description_128441,en,Confident hip-hop with strong beats for a dance battle.,False,0.21504779160022736,7.178184509277344
709,International,description_145747,ko,편안한 비트와 부드러운 힙합 그루브. 라운지 파티.,False,0.16733552515506744,5.585571765899658
709,International,description_145747,en,Relaxed beats and a smooth hip-hop groove for a lounge party.,False,0.2054537534713745,6.85793924331665
709,International,description_111153,ko,물처럼 흐르는 잔잔한 기악곡. 명상 음악.,False,0.12415998429059982,4.14439582824707
709,International,description_111153,en,"Calm instrumental music flowing like water, for meditation.",False,0.048611972481012344,1.622642159461975
709,International,description_145777,ko,부드럽고 몽환적인 기악곡. 자연 속 휴식.,False,0.16798681020736694,5.6073126792907715
709,International,description_145777,en,Soft and dreamy instrumental music for relaxation in nature.,False,0.09242794662714005,3.0851964950561523
709,International,description_38825,ko,밝고 흥겨운 켈틱 민속 춤곡. 문화 축제.,False,0.17718900740146637,5.914477825164795
709,International,description_38825,en,Bright and lively Celtic folk dance music for a cultural festival.,False,0.19101080298423767,6.37584114074707
709,International,description_709,ko,경쾌하고 춤추기 좋은 라틴 쿰비아. 퍼레이드.,False,0.18451784551143646,6.159110069274902
709,International,description_709,en,Upbeat and danceable Latin cumbia for a parade.,False,0.35105207562446594,11.717934608459473
709,International,description_127182,ko,밝고 따뜻한 희망적인 팝. 봄 축제.,False,0.17617566883563995,5.880652904510498
709,International,description_127182,en,"Bright, warm and hopeful pop music for a spring festival.",False,0.16162700951099396,5.395025253295898
709,International,description_127181,ko,경쾌하고 감성적인 몽환적 인디 팝. 야외 공연.,False,0.18211103975772858,6.078771114349365
709,International,description_127181,en,"Upbeat, emotional and dreamy indie pop for an outdoor performance.",False,0.1664060652256012,5.5545477867126465
709,International,description_145067,ko,어둡고 공격적인 음악. 강한 왜곡. 메탈 공연.,False,0.1704443246126175,5.689342498779297
709,International,description_145067,en,Dark and aggressive music with intense distortion for a metal show.,False,-0.06413054466247559,-2.1406443119049072
709,International,description_59562,ko,빠르고 거친 반항적 펑크. 복고풍 록 공연.,False,0.16577468812465668,5.533472061157227
709,International,description_59562,en,"Fast, raw and rebellious punk for a vintage-style rock show.",False,0.1185561940073967,3.9573440551757812
127182,Pop,description_121595,ko,밝은 복고풍 전자음악. 경쾌한 비트. 댄스 파티.,False,0.03756494075059891,1.2538981437683105
127182,Pop,description_121595,en,Bright retro electronic music with an upbeat beat for a dance party.,False,0.08978664875030518,2.9970312118530273
127182,Pop,description_26906,ko,빠른 8비트 칩튠. 장난스러운 게임 음악.,False,0.03977282717823982,1.3275959491729736
127182,Pop,description_26906,en,Fast 8-bit chiptune with a playful video game atmosphere.,False,0.02883734181523323,0.9625751972198486
127182,Pop,description_128879,ko,따뜻하고 즐거운 크리스마스 음악. 연말 행사.,False,0.06120438873767853,2.042970895767212
127182,Pop,description_128879,en,Warm and cheerful Christmas music for a year-end event.,False,0.17538881301879883,5.854386806488037
127182,Pop,description_84057,ko,기묘하고 혼란스러운 실험 음악. 예술 공연.,False,0.03522805869579315,1.175894021987915
127182,Pop,description_84057,en,Strange and chaotic experimental music for an art performance.,False,0.08457662910223007,2.8231234550476074
127182,Pop,description_40242,ko,어둡고 몽환적인 포크. 신비로운 밤 공연.,False,0.03163697570562363,1.056025743484497
127182,Pop,description_40242,en,Dark and dreamy folk with a mysterious mood for a nighttime performance.,False,0.23660266399383545,7.8976731300354
127182,Pop,description_10382,ko,거칠고 소박한 복고풍 포크. 야외 공연.,False,0.028300166130065918,0.9446446895599365
127182,Pop,description_10382,en,Raw and rustic vintage folk for an outdoor performance.,False,0.23126757144927979,7.719590187072754
127182,Pop,description_128441,ko,강한 비트의 자신감 넘치는 힙합. 댄스 배틀.,False,0.046445589512586594,1.5503298044204712
127182,Pop,description_128441,en,Confident hip-hop with strong beats for a dance battle.,False,0.09090187400579453,3.03425669670105
127182,Pop,description_145747,ko,편안한 비트와 부드러운 힙합 그루브. 라운지 파티.,False,0.04402816668152809,1.4696370363235474
127182,Pop,description_145747,en,Relaxed beats and a smooth hip-hop groove for a lounge party.,False,0.09298587590456009,3.1038198471069336
127182,Pop,description_111153,ko,물처럼 흐르는 잔잔한 기악곡. 명상 음악.,False,0.02108805440366268,0.7039081454277039
127182,Pop,description_111153,en,"Calm instrumental music flowing like water, for meditation.",False,0.055009592324495316,1.8361910581588745
127182,Pop,description_145777,ko,부드럽고 몽환적인 기악곡. 자연 속 휴식.,False,0.03189875930547714,1.0647637844085693
127182,Pop,description_145777,en,Soft and dreamy instrumental music for relaxation in nature.,False,0.17148523032665253,5.724087715148926
127182,Pop,description_38825,ko,밝고 흥겨운 켈틱 민속 춤곡. 문화 축제.,False,0.047658275812864304,1.590808391571045
127182,Pop,description_38825,en,Bright and lively Celtic folk dance music for a cultural festival.,False,0.13761170208454132,4.593406677246094
127182,Pop,description_709,ko,경쾌하고 춤추기 좋은 라틴 쿰비아. 퍼레이드.,False,0.0644637942314148,2.1517677307128906
127182,Pop,description_709,en,Upbeat and danceable Latin cumbia for a parade.,False,0.12487921863794327,4.168402671813965
127182,Pop,description_127182,ko,밝고 따뜻한 희망적인 팝. 봄 축제.,False,0.031756892800331116,1.0600281953811646
127182,Pop,description_127182,en,"Bright, warm and hopeful pop music for a spring festival.",False,0.2748211622238159,9.173385620117188
127182,Pop,description_127181,ko,경쾌하고 감성적인 몽환적 인디 팝. 야외 공연.,False,0.04852008447051048,1.619574785232544
127182,Pop,description_127181,en,"Upbeat, emotional and dreamy indie pop for an outdoor performance.",False,0.2997916042804718,10.00688648223877
127182,Pop,description_145067,ko,어둡고 공격적인 음악. 강한 왜곡. 메탈 공연.,False,0.04928743839263916,1.6451889276504517
127182,Pop,description_145067,en,Dark and aggressive music with intense distortion for a metal show.,False,0.026997104287147522,0.9011492133140564
127182,Pop,description_59562,ko,빠르고 거친 반항적 펑크. 복고풍 록 공연.,False,0.027761125937104225,0.9266515970230103
127182,Pop,description_59562,en,"Fast, raw and rebellious punk for a vintage-style rock show.",False,0.17782728374004364,5.935781955718994
127181,Pop,description_121595,ko,밝은 복고풍 전자음악. 경쾌한 비트. 댄스 파티.,False,0.08285695314407349,2.7657217979431152
127181,Pop,description_121595,en,Bright retro electronic music with an upbeat beat for a dance party.,False,0.1656920164823532,5.530712604522705
127181,Pop,description_26906,ko,빠른 8비트 칩튠. 장난스러운 게임 음악.,False,0.07931504398584366,2.6474950313568115
127181,Pop,description_26906,en,Fast 8-bit chiptune with a playful video game atmosphere.,False,0.038495395332574844,1.2849563360214233
127181,Pop,description_128879,ko,따뜻하고 즐거운 크리스마스 음악. 연말 행사.,False,0.09895786643028259,3.3031623363494873
127181,Pop,description_128879,en,Warm and cheerful Christmas music for a year-end event.,False,0.16734431684017181,5.5858659744262695
127181,Pop,description_84057,ko,기묘하고 혼란스러운 실험 음악. 예술 공연.,False,0.07310181856155396,2.440100908279419
127181,Pop,description_84057,en,Strange and chaotic experimental music for an art performance.,False,0.10009635984897614,3.3411645889282227
127181,Pop,description_40242,ko,어둡고 몽환적인 포크. 신비로운 밤 공연.,False,0.0711643174290657,2.37542724609375
127181,Pop,description_40242,en,Dark and dreamy folk with a mysterious mood for a nighttime performance.,False,0.2145228087902069,7.1606574058532715
127181,Pop,description_10382,ko,거칠고 소박한 복고풍 포크. 야외 공연.,False,0.06555866450071335,2.1883139610290527
127181,Pop,description_10382,en,Raw and rustic vintage folk for an outdoor performance.,False,0.20900052785873413,6.9763288497924805
127181,Pop,description_128441,ko,강한 비트의 자신감 넘치는 힙합. 댄스 배틀.,False,0.09009529650211334,3.0073342323303223
127181,Pop,description_128441,en,Confident hip-hop with strong beats for a dance battle.,False,0.1520104706287384,5.07403039932251
127181,Pop,description_145747,ko,편안한 비트와 부드러운 힙합 그루브. 라운지 파티.,False,0.0934094712138176,3.1179592609405518
127181,Pop,description_145747,en,Relaxed beats and a smooth hip-hop groove for a lounge party.,False,0.13448502123355865,4.489039421081543
127181,Pop,description_111153,ko,물처럼 흐르는 잔잔한 기악곡. 명상 음악.,False,0.0670885369181633,2.2393805980682373
127181,Pop,description_111153,en,"Calm instrumental music flowing like water, for meditation.",False,0.055056456476449966,1.837755560874939
127181,Pop,description_145777,ko,부드럽고 몽환적인 기악곡. 자연 속 휴식.,False,0.07116150856018066,2.3753342628479004
127181,Pop,description_145777,en,Soft and dreamy instrumental music for relaxation in nature.,False,0.16919124126434326,5.647515296936035
127181,Pop,description_38825,ko,밝고 흥겨운 켈틱 민속 춤곡. 문화 축제.,False,0.0879279226064682,2.934988021850586
127181,Pop,description_38825,en,Bright and lively Celtic folk dance music for a cultural festival.,False,0.10175170004367828,3.396418333053589
127181,Pop,description_709,ko,경쾌하고 춤추기 좋은 라틴 쿰비아. 퍼레이드.,False,0.10202383249998093,3.4055018424987793
127181,Pop,description_709,en,Upbeat and danceable Latin cumbia for a parade.,False,0.1372922956943512,4.582745552062988
127181,Pop,description_127182,ko,밝고 따뜻한 희망적인 팝. 봄 축제.,False,0.07638769596815109,2.549781322479248
127181,Pop,description_127182,en,"Bright, warm and hopeful pop music for a spring festival.",False,0.2712400257587433,9.053848266601562
127181,Pop,description_127181,ko,경쾌하고 감성적인 몽환적 인디 팝. 야외 공연.,False,0.09142396599054337,3.0516843795776367
127181,Pop,description_127181,en,"Upbeat, emotional and dreamy indie pop for an outdoor performance.",False,0.3306589126586914,11.03722095489502
127181,Pop,description_145067,ko,어둡고 공격적인 음악. 강한 왜곡. 메탈 공연.,False,0.08962540328502655,2.9916486740112305
127181,Pop,description_145067,en,Dark and aggressive music with intense distortion for a metal show.,False,0.12689121067523956,4.235562801361084
127181,Pop,description_59562,ko,빠르고 거친 반항적 펑크. 복고풍 록 공연.,False,0.06779912859201431,2.2630996704101562
127181,Pop,description_59562,en,"Fast, raw and rebellious punk for a vintage-style rock show.",False,0.27734455466270447,9.257616996765137
145067,Rock,description_121595,ko,밝은 복고풍 전자음악. 경쾌한 비트. 댄스 파티.,False,0.14229679107666016,4.749792575836182
145067,Rock,description_121595,en,Bright retro electronic music with an upbeat beat for a dance party.,False,-0.08244821429252625,-2.752078056335449
145067,Rock,description_26906,ko,빠른 8비트 칩튠. 장난스러운 게임 음악.,False,0.13236041367053986,4.418121337890625
145067,Rock,description_26906,en,Fast 8-bit chiptune with a playful video game atmosphere.,False,-0.035769108682870865,-1.1939542293548584
145067,Rock,description_128879,ko,따뜻하고 즐거운 크리스마스 음악. 연말 행사.,False,0.16355767846107483,5.459470272064209
145067,Rock,description_128879,en,Warm and cheerful Christmas music for a year-end event.,False,-0.0021560662426054478,-0.07196833193302155
145067,Rock,description_84057,ko,기묘하고 혼란스러운 실험 음악. 예술 공연.,False,0.1358344405889511,4.534082889556885
145067,Rock,description_84057,en,Strange and chaotic experimental music for an art performance.,False,0.15521791577339172,5.181092262268066
145067,Rock,description_40242,ko,어둡고 몽환적인 포크. 신비로운 밤 공연.,False,0.12021875381469727,4.012839317321777
145067,Rock,description_40242,en,Dark and dreamy folk with a mysterious mood for a nighttime performance.,False,0.03785569593310356,1.2636032104492188
145067,Rock,description_10382,ko,거칠고 소박한 복고풍 포크. 야외 공연.,False,0.13600322604179382,4.539717197418213
145067,Rock,description_10382,en,Raw and rustic vintage folk for an outdoor performance.,False,0.14751236140727997,4.923884868621826
145067,Rock,description_128441,ko,강한 비트의 자신감 넘치는 힙합. 댄스 배틀.,False,0.1549554020166397,5.172332286834717
145067,Rock,description_128441,en,Confident hip-hop with strong beats for a dance battle.,False,0.007442673202604055,0.24843239784240723
145067,Rock,description_145747,ko,편안한 비트와 부드러운 힙합 그루브. 라운지 파티.,False,0.15867003798484802,5.296322345733643
145067,Rock,description_145747,en,Relaxed beats and a smooth hip-hop groove for a lounge party.,False,-0.10266212373971939,-3.4268083572387695
145067,Rock,description_111153,ko,물처럼 흐르는 잔잔한 기악곡. 명상 음악.,False,0.12421207129955292,4.146134376525879
145067,Rock,description_111153,en,"Calm instrumental music flowing like water, for meditation.",False,-0.059855155646800995,-1.9979338645935059
145067,Rock,description_145777,ko,부드럽고 몽환적인 기악곡. 자연 속 휴식.,False,0.11458723247051239,3.824861526489258
145067,Rock,description_145777,en,Soft and dreamy instrumental music for relaxation in nature.,False,-0.06890495866537094,-2.3000118732452393
145067,Rock,description_38825,ko,밝고 흥겨운 켈틱 민속 춤곡. 문화 축제.,False,0.12921853363513947,4.3132476806640625
145067,Rock,description_38825,en,Bright and lively Celtic folk dance music for a cultural festival.,False,-0.00908114667981863,-0.3031241297721863
145067,Rock,description_709,ko,경쾌하고 춤추기 좋은 라틴 쿰비아. 퍼레이드.,False,0.14180125296115875,4.733251571655273
145067,Rock,description_709,en,Upbeat and danceable Latin cumbia for a parade.,False,0.08721902221441269,2.911325693130493
145067,Rock,description_127182,ko,밝고 따뜻한 희망적인 팝. 봄 축제.,False,0.11521151661872864,3.84570050239563
145067,Rock,description_127182,en,"Bright, warm and hopeful pop music for a spring festival.",False,-0.0008646409260109067,-0.028861351311206818
145067,Rock,description_127181,ko,경쾌하고 감성적인 몽환적 인디 팝. 야외 공연.,False,0.14367973804473877,4.79595422744751
145067,Rock,description_127181,en,"Upbeat, emotional and dreamy indie pop for an outdoor performance.",False,0.08950839191675186,2.9877443313598633
145067,Rock,description_145067,ko,어둡고 공격적인 음악. 강한 왜곡. 메탈 공연.,False,0.1386805772781372,4.629085540771484
145067,Rock,description_145067,en,Dark and aggressive music with intense distortion for a metal show.,False,0.31268706917762756,10.437331199645996
145067,Rock,description_59562,ko,빠르고 거친 반항적 펑크. 복고풍 록 공연.,False,0.12398812174797058,4.13865852355957
145067,Rock,description_59562,en,"Fast, raw and rebellious punk for a vintage-style rock show.",False,0.3248126208782196,10.842076301574707
59562,Rock,description_121595,ko,밝은 복고풍 전자음악. 경쾌한 비트. 댄스 파티.,False,0.1121787279844284,3.744467258453369
59562,Rock,description_121595,en,Bright retro electronic music with an upbeat beat for a dance party.,False,0.01014045812189579,0.3384827971458435
59562,Rock,description_26906,ko,빠른 8비트 칩튠. 장난스러운 게임 음악.,False,0.10203929245471954,3.4060182571411133
59562,Rock,description_26906,en,Fast 8-bit chiptune with a playful video game atmosphere.,False,-0.002602736931294203,-0.086878202855587
59562,Rock,description_128879,ko,따뜻하고 즐거운 크리스마스 음악. 연말 행사.,False,0.12584514915943146,4.200645446777344
59562,Rock,description_128879,en,Warm and cheerful Christmas music for a year-end event.,False,0.07596062868833542,2.5355260372161865
59562,Rock,description_84057,ko,기묘하고 혼란스러운 실험 음악. 예술 공연.,False,0.09221796691417694,3.078188180923462
59562,Rock,description_84057,en,Strange and chaotic experimental music for an art performance.,False,0.13696621358394623,4.571860313415527
59562,Rock,description_40242,ko,어둡고 몽환적인 포크. 신비로운 밤 공연.,False,0.082962766289711,2.769253969192505
59562,Rock,description_40242,en,Dark and dreamy folk with a mysterious mood for a nighttime performance.,False,0.08828602731227875,2.9469411373138428
59562,Rock,description_10382,ko,거칠고 소박한 복고풍 포크. 야외 공연.,False,0.10170965641736984,3.3950159549713135
59562,Rock,description_10382,en,Raw and rustic vintage folk for an outdoor performance.,False,0.19824892282485962,6.617445945739746
59562,Rock,description_128441,ko,강한 비트의 자신감 넘치는 힙합. 댄스 배틀.,False,0.11677313596010208,3.897826671600342
59562,Rock,description_128441,en,Confident hip-hop with strong beats for a dance battle.,False,0.066983163356781,2.235863208770752
59562,Rock,description_145747,ko,편안한 비트와 부드러운 힙합 그루브. 라운지 파티.,False,0.12583041191101074,4.200155258178711
59562,Rock,description_145747,en,Relaxed beats and a smooth hip-hop groove for a lounge party.,False,0.05100972577929497,1.7026777267456055
59562,Rock,description_111153,ko,물처럼 흐르는 잔잔한 기악곡. 명상 음악.,False,0.05484246090054512,1.8306127786636353
59562,Rock,description_111153,en,"Calm instrumental music flowing like water, for meditation.",False,-0.01671236753463745,-0.5578503608703613
59562,Rock,description_145777,ko,부드럽고 몽환적인 기악곡. 자연 속 휴식.,False,0.10055731236934662,3.356550455093384
59562,Rock,description_145777,en,Soft and dreamy instrumental music for relaxation in nature.,False,0.01812797784805298,0.6051025390625
59562,Rock,description_38825,ko,밝고 흥겨운 켈틱 민속 춤곡. 문화 축제.,False,0.10015325248241425,3.3430633544921875
59562,Rock,description_38825,en,Bright and lively Celtic folk dance music for a cultural festival.,False,-0.04578167945146561,-1.5281686782836914
59562,Rock,description_709,ko,경쾌하고 춤추기 좋은 라틴 쿰비아. 퍼레이드.,False,0.1082596406340599,3.61365008354187
59562,Rock,description_709,en,Upbeat and danceable Latin cumbia for a parade.,False,0.09683510661125183,3.2323057651519775
59562,Rock,description_127182,ko,밝고 따뜻한 희망적인 팝. 봄 축제.,False,0.09977651387453079,3.3304882049560547
59562,Rock,description_127182,en,"Bright, warm and hopeful pop music for a spring festival.",False,0.11377426981925964,3.7977254390716553
59562,Rock,description_127181,ko,경쾌하고 감성적인 몽환적 인디 팝. 야외 공연.,False,0.11228713393211365,3.7480859756469727
59562,Rock,description_127181,en,"Upbeat, emotional and dreamy indie pop for an outdoor performance.",False,0.1489723175764084,4.972618579864502
59562,Rock,description_145067,ko,어둡고 공격적인 음악. 강한 왜곡. 메탈 공연.,False,0.10422273725271225,3.478900671005249
59562,Rock,description_145067,en,Dark and aggressive music with intense distortion for a metal show.,False,0.21020521223545074,7.016540050506592
59562,Rock,description_59562,ko,빠르고 거친 반항적 펑크. 복고풍 록 공연.,False,0.10203586518764496,3.4059038162231445
59562,Rock,description_59562,en,"Fast, raw and rebellious punk for a vintage-style rock show.",False,0.3675946891307831,12.270119667053223
