track_id_a,track_id_b,genre_a,genre_b,same_genre,cosine_similarity,provisional_audio_text_score
15770,67638,Electronic,Electronic,True,0.4671860933303833,100.0
15770,125161,Electronic,Electronic,True,0.582155168056488,100.0
15770,146988,Electronic,Experimental,False,0.5261304974555969,100.0
15770,38886,Electronic,Experimental,False,0.4353645443916321,100.0
15770,86081,Electronic,Experimental,False,0.12724606692790985,31.811516731977463
15770,87966,Electronic,Folk,False,0.3559170067310333,88.97925168275833
15770,148190,Electronic,Folk,False,0.366623193025589,91.65579825639725
15770,148212,Electronic,Folk,False,0.37230613827705383,93.07653456926346
15770,64517,Electronic,Hip-Hop,False,0.5436656475067139,100.0
15770,75418,Electronic,Hip-Hop,False,0.7026203870773315,100.0
15770,86679,Electronic,Hip-Hop,False,0.42449355125427246,100.0
15770,133453,Electronic,Instrumental,False,0.6018619537353516,100.0
15770,136276,Electronic,Instrumental,False,0.46368521451950073,100.0
15770,40656,Electronic,Instrumental,False,0.4816185235977173,100.0
15770,98667,Electronic,International,False,0.4056719243526459,100.0
15770,96738,Electronic,International,False,0.3518220782279968,87.9555195569992
15770,108866,Electronic,International,False,0.294419527053833,73.60488176345825
15770,64079,Electronic,Pop,False,0.6417229771614075,100.0
15770,109976,Electronic,Pop,False,0.4962427020072937,100.0
15770,109958,Electronic,Pop,False,0.4954549968242645,100.0
15770,142948,Electronic,Rock,False,0.4457692503929138,100.0
15770,96560,Electronic,Rock,False,0.5012320280075073,100.0
15770,93950,Electronic,Rock,False,0.49973350763320923,100.0
67638,125161,Electronic,Electronic,True,0.33031922578811646,82.57980644702911
67638,146988,Electronic,Experimental,False,0.20272554457187653,50.68138614296913
67638,38886,Electronic,Experimental,False,0.05736170709133148,14.34042677283287
67638,86081,Electronic,Experimental,False,0.21095618605613708,52.73904651403427
67638,87966,Electronic,Folk,False,0.14790445566177368,36.97611391544342
67638,148190,Electronic,Folk,False,0.2850504517555237,71.26261293888092
67638,148212,Electronic,Folk,False,0.33446162939071655,83.61540734767914
67638,64517,Electronic,Hip-Hop,False,0.27680230140686035,69.20057535171509
67638,75418,Electronic,Hip-Hop,False,0.6221166253089905,100.0
67638,86679,Electronic,Hip-Hop,False,0.7125741839408875,100.0
67638,133453,Electronic,Instrumental,False,0.2742505669593811,68.56264173984528
67638,136276,Electronic,Instrumental,False,0.21553701162338257,53.88425290584564
67638,40656,Electronic,Instrumental,False,0.12232628464698792,30.58157116174698
67638,98667,Electronic,International,False,0.17027094960212708,42.56773740053177
67638,96738,Electronic,International,False,0.11030352115631104,27.57588028907776
67638,108866,Electronic,International,False,0.16376574337482452,40.94143584370613
67638,64079,Electronic,Pop,False,0.21556563675403595,53.89140918850899
67638,109976,Electronic,Pop,False,0.276250958442688,69.062739610672
67638,109958,Electronic,Pop,False,0.10198730230331421,25.496825575828552
67638,142948,Electronic,Rock,False,0.30098581314086914,75.24645328521729
67638,96560,Electronic,Rock,False,0.2717387080192566,67.93467700481415
67638,93950,Electronic,Rock,False,0.42982733249664307,100.0
125161,146988,Electronic,Experimental,False,0.6391738057136536,100.0
125161,38886,Electronic,Experimental,False,0.4328497350215912,100.0
125161,86081,Electronic,Experimental,False,0.15078070759773254,37.695176899433136
125161,87966,Electronic,Folk,False,0.4200444519519806,100.0
125161,148190,Electronic,Folk,False,0.5726746916770935,100.0
125161,148212,Electronic,Folk,False,0.6617914438247681,100.0
125161,64517,Electronic,Hip-Hop,False,0.7581495046615601,100.0
125161,75418,Electronic,Hip-Hop,False,0.6674519777297974,100.0
125161,86679,Electronic,Hip-Hop,False,0.5999505519866943,100.0
125161,133453,Electronic,Instrumental,False,0.7051824927330017,100.0
125161,136276,Electronic,Instrumental,False,0.641322910785675,100.0
125161,40656,Electronic,Instrumental,False,0.5102217793464661,100.0
125161,98667,Electronic,International,False,0.5146080851554871,100.0
125161,96738,Electronic,International,False,0.4464564323425293,100.0
125161,108866,Electronic,International,False,0.4881853461265564,100.0
125161,64079,Electronic,Pop,False,0.7457451820373535,100.0
125161,109976,Electronic,Pop,False,0.5779844522476196,100.0
125161,109958,Electronic,Pop,False,0.5115004181861877,100.0
125161,142948,Electronic,Rock,False,0.5914369821548462,100.0
125161,96560,Electronic,Rock,False,0.5885499119758606,100.0
125161,93950,Electronic,Rock,False,0.7225194573402405,100.0
146988,38886,Experimental,Experimental,True,0.6040300130844116,100.0
146988,86081,Experimental,Experimental,True,0.21182112395763397,52.95528098940849
146988,87966,Experimental,Folk,False,0.61861252784729,100.0
146988,148190,Experimental,Folk,False,0.6106931567192078,100.0
146988,148212,Experimental,Folk,False,0.5605494976043701,100.0
146988,64517,Experimental,Hip-Hop,False,0.6644960641860962,100.0
146988,75418,Experimental,Hip-Hop,False,0.6411565542221069,100.0
146988,86679,Experimental,Hip-Hop,False,0.508716344833374,100.0
146988,133453,Experimental,Instrumental,False,0.7643976807594299,100.0
146988,136276,Experimental,Instrumental,False,0.7914776802062988,100.0
146988,40656,Experimental,Instrumental,False,0.8165597915649414,100.0
146988,98667,Experimental,International,False,0.614772379398346,100.0
146988,96738,Experimental,International,False,0.5104442834854126,100.0
146988,108866,Experimental,International,False,0.4393289089202881,100.0
146988,64079,Experimental,Pop,False,0.8158632516860962,100.0
146988,109976,Experimental,Pop,False,0.8059108257293701,100.0
146988,109958,Experimental,Pop,False,0.8092830777168274,100.0
146988,142948,Experimental,Rock,False,0.6388494968414307,100.0
146988,96560,Experimental,Rock,False,0.7186496257781982,100.0
146988,93950,Experimental,Rock,False,0.6080823540687561,100.0
38886,86081,Experimental,Experimental,True,0.26379215717315674,65.94803929328918
38886,87966,Experimental,Folk,False,0.4430679678916931,100.0
38886,148190,Experimental,Folk,False,0.34214040637016296,85.53510159254074
38886,148212,Experimental,Folk,False,0.25737881660461426,64.34470415115356
38886,64517,Experimental,Hip-Hop,False,0.5277940630912781,100.0
38886,75418,Experimental,Hip-Hop,False,0.4062102735042572,100.0
38886,86679,Experimental,Hip-Hop,False,0.23069241642951965,57.67310410737991
38886,133453,Experimental,Instrumental,False,0.4780357778072357,100.0
38886,136276,Experimental,Instrumental,False,0.44143810868263245,100.0
38886,40656,Experimental,Instrumental,False,0.667994499206543,100.0
38886,98667,Experimental,International,False,0.46947181224823,100.0
38886,96738,Experimental,International,False,0.383628249168396,95.907062292099
38886,108866,Experimental,International,False,0.36874812841415405,92.18703210353851
38886,64079,Experimental,Pop,False,0.5307296514511108,100.0
38886,109976,Experimental,Pop,False,0.5016273260116577,100.0
38886,109958,Experimental,Pop,False,0.6750183701515198,100.0
38886,142948,Experimental,Rock,False,0.4007444977760315,100.0
38886,96560,Experimental,Rock,False,0.47819435596466064,100.0
38886,93950,Experimental,Rock,False,0.3285570442676544,82.1392610669136
86081,87966,Experimental,Folk,False,0.1519370973110199,37.984274327754974
86081,148190,Experimental,Folk,False,0.13622057437896729,34.05514359474182
86081,148212,Experimental,Folk,False,0.16312633454799652,40.78158363699913
86081,64517,Experimental,Hip-Hop,False,0.07835431396961212,19.58857849240303
86081,75418,Experimental,Hip-Hop,False,0.08346965909004211,20.86741477251053
86081,86679,Experimental,Hip-Hop,False,0.2687702178955078,67.19255447387695
86081,133453,Experimental,Instrumental,False,0.2423447072505951,60.58617681264877
86081,136276,Experimental,Instrumental,False,0.17975512146949768,44.93878036737442
86081,40656,Experimental,Instrumental,False,0.20736271142959595,51.84067785739899
86081,98667,Experimental,International,False,0.04977477341890335,12.443693354725838
86081,96738,Experimental,International,False,0.18235112726688385,45.58778181672096
86081,108866,Experimental,International,False,0.1621232032775879,40.53080081939697
86081,64079,Experimental,Pop,False,0.11732206493616104,29.33051623404026
86081,109976,Experimental,Pop,False,0.22487621009349823,56.21905252337456
86081,109958,Experimental,Pop,False,0.23055408895015717,57.63852223753929
86081,142948,Experimental,Rock,False,0.10946749895811081,27.366874739527702
86081,96560,Experimental,Rock,False,0.135522723197937,33.88068079948425
86081,93950,Experimental,Rock,False,0.07739449292421341,19.348623231053352
87966,148190,Folk,Folk,True,0.8086714744567871,100.0
87966,148212,Folk,Folk,True,0.6672532558441162,100.0
87966,64517,Folk,Hip-Hop,False,0.44835156202316284,100.0
87966,75418,Folk,Hip-Hop,False,0.45876723527908325,100.0
87966,86679,Folk,Hip-Hop,False,0.31938284635543823,79.84571158885956
87966,133453,Folk,Instrumental,False,0.5779330730438232,100.0
87966,136276,Folk,Instrumental,False,0.7386239767074585,100.0
87966,40656,Folk,Instrumental,False,0.7125213146209717,100.0
87966,98667,Folk,International,False,0.6262709498405457,100.0
87966,96738,Folk,International,False,0.640089750289917,100.0
87966,108866,Folk,International,False,0.6403335332870483,100.0
87966,64079,Folk,Pop,False,0.6056621074676514,100.0
87966,109976,Folk,Pop,False,0.5396629571914673,100.0
87966,109958,Folk,Pop,False,0.6198567152023315,100.0
87966,142948,Folk,Rock,False,0.7376037836074829,100.0
87966,96560,Folk,Rock,False,0.7847292423248291,100.0
87966,93950,Folk,Rock,False,0.5496087074279785,100.0
148190,148212,Folk,Folk,True,0.8853181004524231,100.0
148190,64517,Folk,Hip-Hop,False,0.5167669653892517,100.0
148190,75418,Folk,Hip-Hop,False,0.5448200702667236,100.0
148190,86679,Folk,Hip-Hop,False,0.46796703338623047,100.0
148190,133453,Folk,Instrumental,False,0.5988298058509827,100.0
148190,136276,Folk,Instrumental,False,0.7389394640922546,100.0
148190,40656,Folk,Instrumental,False,0.5518278479576111,100.0
148190,98667,Folk,International,False,0.5322741270065308,100.0
148190,96738,Folk,International,False,0.5501469969749451,100.0
148190,108866,Folk,International,False,0.5829949378967285,100.0
148190,64079,Folk,Pop,False,0.5744853615760803,100.0
148190,109976,Folk,Pop,False,0.4879089593887329,100.0
148190,109958,Folk,Pop,False,0.4995139241218567,100.0
148190,142948,Folk,Rock,False,0.8241433501243591,100.0
148190,96560,Folk,Rock,False,0.8330734968185425,100.0
148190,93950,Folk,Rock,False,0.7322247624397278,100.0
148212,64517,Folk,Hip-Hop,False,0.5211913585662842,100.0
148212,75418,Folk,Hip-Hop,False,0.5659343004226685,100.0
148212,86679,Folk,Hip-Hop,False,0.5478018522262573,100.0
148212,133453,Folk,Instrumental,False,0.5544535517692566,100.0
148212,136276,Folk,Instrumental,False,0.7134576439857483,100.0
148212,40656,Folk,Instrumental,False,0.4723914861679077,100.0
148212,98667,Folk,International,False,0.5059089660644531,100.0
148212,96738,Folk,International,False,0.5521234273910522,100.0
148212,108866,Folk,International,False,0.6255828142166138,100.0
148212,64079,Folk,Pop,False,0.5601263046264648,100.0
148212,109976,Folk,Pop,False,0.49925696849823,100.0
148212,109958,Folk,Pop,False,0.435477077960968,100.0
148212,142948,Folk,Rock,False,0.7403994798660278,100.0
148212,96560,Folk,Rock,False,0.7146766185760498,100.0
148212,93950,Folk,Rock,False,0.7629271149635315,100.0
64517,75418,Hip-Hop,Hip-Hop,True,0.775633692741394,100.0
64517,86679,Hip-Hop,Hip-Hop,True,0.5067108869552612,100.0
64517,133453,Hip-Hop,Instrumental,False,0.5499324798583984,100.0
64517,136276,Hip-Hop,Instrumental,False,0.5487247109413147,100.0
64517,40656,Hip-Hop,Instrumental,False,0.6051037311553955,100.0
64517,98667,Hip-Hop,International,False,0.4623727798461914,100.0
64517,96738,Hip-Hop,International,False,0.39973393082618713,99.93348270654678
64517,108866,Hip-Hop,International,False,0.4136430323123932,100.0
64517,64079,Hip-Hop,Pop,False,0.6822540163993835,100.0
64517,109976,Hip-Hop,Pop,False,0.6307812333106995,100.0
64517,109958,Hip-Hop,Pop,False,0.5799995064735413,100.0
64517,142948,Hip-Hop,Rock,False,0.5546833872795105,100.0
64517,96560,Hip-Hop,Rock,False,0.5966435670852661,100.0
64517,93950,Hip-Hop,Rock,False,0.5248751640319824,100.0
75418,86679,Hip-Hop,Hip-Hop,True,0.6243675947189331,100.0
75418,133453,Hip-Hop,Instrumental,False,0.5789101123809814,100.0
75418,136276,Hip-Hop,Instrumental,False,0.5807629823684692,100.0
75418,40656,Hip-Hop,Instrumental,False,0.5699029564857483,100.0
75418,98667,Hip-Hop,International,False,0.485298752784729,100.0
75418,96738,Hip-Hop,International,False,0.4690735340118408,100.0
75418,108866,Hip-Hop,International,False,0.4609447717666626,100.0
75418,64079,Hip-Hop,Pop,False,0.6866267919540405,100.0
75418,109976,Hip-Hop,Pop,False,0.6305904984474182,100.0
75418,109958,Hip-Hop,Pop,False,0.5225850343704224,100.0
75418,142948,Hip-Hop,Rock,False,0.5852194428443909,100.0
75418,96560,Hip-Hop,Rock,False,0.6184802651405334,100.0
75418,93950,Hip-Hop,Rock,False,0.5896344184875488,100.0
86679,133453,Hip-Hop,Instrumental,False,0.4612438380718231,100.0
86679,136276,Hip-Hop,Instrumental,False,0.5306205749511719,100.0
86679,40656,Hip-Hop,Instrumental,False,0.4067572057247162,100.0
86679,98667,Hip-Hop,International,False,0.3193061649799347,79.82654124498367
86679,96738,Hip-Hop,International,False,0.2385113388299942,59.62783470749855
86679,108866,Hip-Hop,International,False,0.24550510942935944,61.37627735733986
86679,64079,Hip-Hop,Pop,False,0.5284063816070557,100.0
86679,109976,Hip-Hop,Pop,False,0.6330267190933228,100.0
86679,109958,Hip-Hop,Pop,False,0.36665135622024536,91.66283905506134
86679,142948,Hip-Hop,Rock,False,0.510238766670227,100.0
86679,96560,Hip-Hop,Rock,False,0.5127010941505432,100.0
86679,93950,Hip-Hop,Rock,False,0.6889467239379883,100.0
133453,136276,Instrumental,Instrumental,True,0.6945807337760925,100.0
133453,40656,Instrumental,Instrumental,True,0.6701348423957825,100.0
133453,98667,Instrumental,International,False,0.4949643611907959,100.0
133453,96738,Instrumental,International,False,0.5194013714790344,100.0
133453,108866,Instrumental,International,False,0.4524330496788025,100.0
133453,64079,Instrumental,Pop,False,0.7659296989440918,100.0
133453,109976,Instrumental,Pop,False,0.6169920563697815,100.0
133453,109958,Instrumental,Pop,False,0.6318614482879639,100.0
133453,142948,Instrumental,Rock,False,0.6258460879325867,100.0
133453,96560,Instrumental,Rock,False,0.6619071960449219,100.0
133453,93950,Instrumental,Rock,False,0.6512956619262695,100.0
136276,40656,Instrumental,Instrumental,True,0.7811188101768494,100.0
136276,98667,Instrumental,International,False,0.6450368165969849,100.0
136276,96738,Instrumental,International,False,0.5524059534072876,100.0
136276,108866,Instrumental,International,False,0.5030114650726318,100.0
136276,64079,Instrumental,Pop,False,0.8599022626876831,100.0
136276,109976,Instrumental,Pop,False,0.7703468799591064,100.0
136276,109958,Instrumental,Pop,False,0.6878276467323303,100.0
136276,142948,Instrumental,Rock,False,0.7868631482124329,100.0
136276,96560,Instrumental,Rock,False,0.8261666297912598,100.0
136276,93950,Instrumental,Rock,False,0.7130129337310791,100.0
40656,98667,Instrumental,International,False,0.6238968372344971,100.0
40656,96738,Instrumental,International,False,0.5159876346588135,100.0
40656,108866,Instrumental,International,False,0.4504346549510956,100.0
40656,64079,Instrumental,Pop,False,0.7818347215652466,100.0
40656,109976,Instrumental,Pop,False,0.8027092218399048,100.0
40656,109958,Instrumental,Pop,False,0.8154089450836182,100.0
40656,142948,Instrumental,Rock,False,0.6142470240592957,100.0
40656,96560,Instrumental,Rock,False,0.7165557146072388,100.0
40656,93950,Instrumental,Rock,False,0.49201029539108276,100.0
98667,96738,International,International,True,0.5781074166297913,100.0
98667,108866,International,International,True,0.5695886015892029,100.0
98667,64079,International,Pop,False,0.654488742351532,100.0
98667,109976,International,Pop,False,0.525568425655365,100.0
98667,109958,International,Pop,False,0.5070876479148865,100.0
98667,142948,International,Rock,False,0.4802243411540985,100.0
98667,96560,International,Rock,False,0.4925806224346161,100.0
98667,93950,International,Rock,False,0.46383264660835266,100.0
96738,108866,International,International,True,0.879407525062561,100.0
96738,64079,International,Pop,False,0.5515004396438599,100.0
96738,109976,International,Pop,False,0.4718015789985657,100.0
96738,109958,International,Pop,False,0.47399336099624634,100.0
96738,142948,International,Rock,False,0.5098991394042969,100.0
96738,96560,International,Rock,False,0.49879905581474304,100.0
96738,93950,International,Rock,False,0.39133262634277344,97.83315658569336
108866,64079,International,Pop,False,0.4763405919075012,100.0
108866,109976,International,Pop,False,0.3791627287864685,94.79068219661713
108866,109958,International,Pop,False,0.3852211833000183,96.30529582500458
108866,142948,International,Rock,False,0.5371050834655762,100.0
108866,96560,International,Rock,False,0.48128244280815125,100.0
108866,93950,International,Rock,False,0.42517152428627014,100.0
64079,109976,Pop,Pop,True,0.7741600275039673,100.0
64079,109958,Pop,Pop,True,0.6947854161262512,100.0
64079,142948,Pop,Rock,False,0.6803625822067261,100.0
64079,96560,Pop,Rock,False,0.7490649819374084,100.0
64079,93950,Pop,Rock,False,0.6485092043876648,100.0
109976,109958,Pop,Pop,True,0.7455769777297974,100.0
109976,142948,Pop,Rock,False,0.5413836240768433,100.0
109976,96560,Pop,Rock,False,0.6111452579498291,100.0
109976,93950,Pop,Rock,False,0.5468043088912964,100.0
109958,142948,Pop,Rock,False,0.5345414876937866,100.0
109958,96560,Pop,Rock,False,0.6214491128921509,100.0
109958,93950,Pop,Rock,False,0.4367288053035736,100.0
142948,96560,Rock,Rock,True,0.9393669366836548,100.0
142948,93950,Rock,Rock,True,0.8033043146133423,100.0
96560,93950,Rock,Rock,True,0.7819080948829651,100.0
